,company,title,location,skills,joblinks
0,Native Instruments,Data Analyst - Digital Marketing (all genders),,,https://de.linkedin.com/jobs/view/data-analyst-digital-marketing-all-genders-at-native-instruments-3504433549?refId=XuAbzTGYkmM75zlpDePduA%3D%3D&trackingId=FIPQMwe01M6OVotLpONypg%3D%3D&position=1&pageNum=0&trk=public_jobs_jserp-result_search-card
1,MOIA,(Senior) Data Analyst for Marketing or Sales Analytics (m/f/d),,,https://de.linkedin.com/jobs/view/senior-data-analyst-for-marketing-or-sales-analytics-m-f-d-at-moia-3555162402?refId=XuAbzTGYkmM75zlpDePduA%3D%3D&trackingId=GAI%2BM%2B%2FTiFTO6Py0EfNznw%3D%3D&position=2&pageNum=0&trk=public_jobs_jserp-result_search-card
2,Picsart,"Senior Data Analyst, Paid Marketing",,,https://de.linkedin.com/jobs/view/senior-data-analyst-paid-marketing-at-picsart-3437436734?refId=XuAbzTGYkmM75zlpDePduA%3D%3D&trackingId=gwz7Ruu6gSCt5%2FDEWooSEw%3D%3D&position=3&pageNum=0&trk=public_jobs_jserp-result_search-card
3,Michael Page,Data Marketing Analyst (m/w/d),,,https://de.linkedin.com/jobs/view/data-marketing-analyst-m-w-d-at-michael-page-3542556876?refId=XuAbzTGYkmM75zlpDePduA%3D%3D&trackingId=GC2wUq%2FMuhVN0I0QNyknBA%3D%3D&position=4&pageNum=0&trk=public_jobs_jserp-result_search-card
4,Coca-Cola Europacific Partners,Digital Performance Marketing Analyst (m/w/d),,,https://de.linkedin.com/jobs/view/digital-performance-marketing-analyst-m-w-d-at-coca-cola-europacific-partners-3558721940?refId=XuAbzTGYkmM75zlpDePduA%3D%3D&trackingId=kyQT0gMt7s9yKpXMiRkmOQ%3D%3D&position=5&pageNum=0&trk=public_jobs_jserp-result_search-card
5,Peak Ace AG,Junior Digital Analyst (m/w/d),,,https://de.linkedin.com/jobs/view/junior-digital-analyst-m-w-d-at-peak-ace-ag-3550774872?refId=XuAbzTGYkmM75zlpDePduA%3D%3D&trackingId=e8eC7BO1nBbx%2FgbYaveXqQ%3D%3D&position=6&pageNum=0&trk=public_jobs_jserp-result_search-card
6,NinjaOne,Marketing Data Analyst,,,https://de.linkedin.com/jobs/view/marketing-data-analyst-at-ninjaone-3556284202?refId=XuAbzTGYkmM75zlpDePduA%3D%3D&trackingId=zlwqj0YGZPBbrmf9UiFTtQ%3D%3D&position=7&pageNum=0&trk=public_jobs_jserp-result_search-card
7,Thomann.io,(Senior) Digital Analyst (f/m/x) for Tech & Data Team,,,https://de.linkedin.com/jobs/view/senior-digital-analyst-f-m-x-for-tech-data-team-at-thomann-io-3560082732?refId=XuAbzTGYkmM75zlpDePduA%3D%3D&trackingId=U3zfhQivp8VTX8nU3%2B43%2BQ%3D%3D&position=8&pageNum=0&trk=public_jobs_jserp-result_search-card
8,Kolibri Games,Game Data Analyst (f/m/d),,,https://de.linkedin.com/jobs/view/game-data-analyst-f-m-d-at-kolibri-games-3522253806?refId=XuAbzTGYkmM75zlpDePduA%3D%3D&trackingId=hbXCPhlbFkSGoaaZA4fA3g%3D%3D&position=9&pageNum=0&trk=public_jobs_jserp-result_search-card
9,Timeless Investments,Business Data Analyst (d/f/m),,,https://de.linkedin.com/jobs/view/business-data-analyst-d-f-m-at-timeless-investments-3518141874?refId=XuAbzTGYkmM75zlpDePduA%3D%3D&trackingId=F13kYSGd4igVwMLqJK3nwA%3D%3D&position=10&pageNum=0&trk=public_jobs_jserp-result_search-card
10,Bundesdruckerei-Gruppe,BI-Analyst/ Data Analyst (m/w/d),,,https://de.linkedin.com/jobs/view/bi-analyst-data-analyst-m-w-d-at-bundesdruckerei-gruppe-3437335686?refId=XuAbzTGYkmM75zlpDePduA%3D%3D&trackingId=6qaB2gTFnvPInhAVBMB6Cg%3D%3D&position=11&pageNum=0&trk=public_jobs_jserp-result_search-card
11,SPRK.global,Business Analyst / Odoo & Data (m/f/d),,,https://de.linkedin.com/jobs/view/business-analyst-odoo-data-m-f-d-at-sprk-global-3428748971?refId=XuAbzTGYkmM75zlpDePduA%3D%3D&trackingId=j9B7RZGpLh%2F5Kqy8ycaJEQ%3D%3D&position=12&pageNum=0&trk=public_jobs_jserp-result_search-card
12,denkwerk,Data Analyst (m/w/d) Online Marketing,,,https://de.linkedin.com/jobs/view/data-analyst-m-w-d-online-marketing-at-denkwerk-3554745741?refId=XuAbzTGYkmM75zlpDePduA%3D%3D&trackingId=MZhtmHyfr6tbiE6eMZAHKA%3D%3D&position=13&pageNum=0&trk=public_jobs_jserp-result_search-card
13,Pitch,Senior Data Analyst,,,https://de.linkedin.com/jobs/view/senior-data-analyst-at-pitch-3555228019?refId=XuAbzTGYkmM75zlpDePduA%3D%3D&trackingId=G9qb2Y%2F%2FfKwiaX6GBp9CtQ%3D%3D&position=14&pageNum=0&trk=public_jobs_jserp-result_search-card
14,Wolt,Senior Data Analyst,,,https://de.linkedin.com/jobs/view/senior-data-analyst-at-wolt-3542088593?refId=XuAbzTGYkmM75zlpDePduA%3D%3D&trackingId=wPCw4BPQCM1TPoNu1M8BTw%3D%3D&position=15&pageNum=0&trk=public_jobs_jserp-result_search-card
15,Pitch,Senior Data Analyst (m/f/d),,,https://de.linkedin.com/jobs/view/senior-data-analyst-m-f-d-at-pitch-3544075159?refId=XuAbzTGYkmM75zlpDePduA%3D%3D&trackingId=gV2ZzNNrn3vF%2FiXUl9na7A%3D%3D&position=16&pageNum=0&trk=public_jobs_jserp-result_search-card
16,Michael Page,Data Analyst (m/w/d),,,https://de.linkedin.com/jobs/view/data-analyst-m-w-d-at-michael-page-3535007056?refId=XuAbzTGYkmM75zlpDePduA%3D%3D&trackingId=Q5a5jcRNXW9khDyBW4gNFg%3D%3D&position=17&pageNum=0&trk=public_jobs_jserp-result_search-card
17,SPRK.global,Business Analyst / Odoo & Data - all genders,,,https://de.linkedin.com/jobs/view/business-analyst-odoo-data-all-genders-at-sprk-global-3542785538?refId=XuAbzTGYkmM75zlpDePduA%3D%3D&trackingId=m6AmvYuaKHqy5PIfEUGeNQ%3D%3D&position=18&pageNum=0&trk=public_jobs_jserp-result_search-card
18,Caspar Health,(Senior) Data Analyst (all genders),,,https://de.linkedin.com/jobs/view/senior-data-analyst-all-genders-at-caspar-health-3542462326?refId=XuAbzTGYkmM75zlpDePduA%3D%3D&trackingId=RaG%2BPSKbPEkOnjIrkcCIqQ%3D%3D&position=19&pageNum=0&trk=public_jobs_jserp-result_search-card
19,NEW YORKER,BI DATA ANALYST / BUSINESS ANALYST* SCHWERPUNKT MICROSOFT,,,https://de.linkedin.com/jobs/view/bi-data-analyst-business-analyst-schwerpunkt-microsoft-at-new-yorker-3458767839?refId=XuAbzTGYkmM75zlpDePduA%3D%3D&trackingId=kuBbZhg0vAEvD94ayC7D5g%3D%3D&position=20&pageNum=0&trk=public_jobs_jserp-result_search-card
20,SumUp,Senior Data Analyst,,,https://de.linkedin.com/jobs/view/senior-data-analyst-at-sumup-3502382317?refId=XuAbzTGYkmM75zlpDePduA%3D%3D&trackingId=yGOqaRK5DchUtBhG9rkcBg%3D%3D&position=21&pageNum=0&trk=public_jobs_jserp-result_search-card
21,Kolibri Games,(Senior) Game Data Analyst (f/m/d),,,https://de.linkedin.com/jobs/view/senior-game-data-analyst-f-m-d-at-kolibri-games-3522255189?refId=XuAbzTGYkmM75zlpDePduA%3D%3D&trackingId=6nu5WOmXqbEf2R5KhkCX%2BQ%3D%3D&position=22&pageNum=0&trk=public_jobs_jserp-result_search-card
22,DKB | Deutsche Kreditbank AG,Business & Data Analyst (m/w/d),,,https://de.linkedin.com/jobs/view/business-data-analyst-m-w-d-at-dkb-deutsche-kreditbank-ag-3523343007?refId=XuAbzTGYkmM75zlpDePduA%3D%3D&trackingId=9iL3GCOZ6cqx4z1qElqAkQ%3D%3D&position=23&pageNum=0&trk=public_jobs_jserp-result_search-card
23,Avea Life,Performance Marketing Analyst,,,https://de.linkedin.com/jobs/view/performance-marketing-analyst-at-avea-life-3532067059?refId=XuAbzTGYkmM75zlpDePduA%3D%3D&trackingId=1KXiH4Z81QAEJsjvL1GMgA%3D%3D&position=24&pageNum=0&trk=public_jobs_jserp-result_search-card
24,Wolt,Senior Data Analyst (Courier & Logistics),,,https://de.linkedin.com/jobs/view/senior-data-analyst-courier-logistics-at-wolt-3539299704?refId=XuAbzTGYkmM75zlpDePduA%3D%3D&trackingId=dl7tR2gKSpibc7rToncF7Q%3D%3D&position=25&pageNum=0&trk=public_jobs_jserp-result_search-card
25,Agoda,"Data Analyst (Bangkok Based, Relocation Provided)",,,https://de.linkedin.com/jobs/view/data-analyst-bangkok-based-relocation-provided-at-agoda-3557538588?refId=rrk8QshgnYuUeKywIY4vAw%3D%3D&trackingId=0PSg3JRnu7iGjYSei6Q0YA%3D%3D&position=1&pageNum=1&trk=public_jobs_jserp-result_search-card
26,publicplan GmbH,Business Analyst (m/w/d) Business Intelligence- 100% remote,,,https://de.linkedin.com/jobs/view/business-analyst-m-w-d-business-intelligence-100%25-remote-at-publicplan-gmbh-3514262115?refId=rrk8QshgnYuUeKywIY4vAw%3D%3D&trackingId=qJPhEyC2RasEDSLUPErb6Q%3D%3D&position=2&pageNum=1&trk=public_jobs_jserp-result_search-card
27,adesso SE,Business Analyst - Data Analytics Insurance (all genders),,,https://de.linkedin.com/jobs/view/business-analyst-data-analytics-insurance-all-genders-at-adesso-se-3546439125?refId=rrk8QshgnYuUeKywIY4vAw%3D%3D&trackingId=Erp4QYdp61XsGQ0bBjpubg%3D%3D&position=3&pageNum=1&trk=public_jobs_jserp-result_search-card
28,Peak Ace AG,Digital Analyst – Marketing Technology (m/w/d),,,https://de.linkedin.com/jobs/view/digital-analyst-%E2%80%93-marketing-technology-m-w-d-at-peak-ace-ag-3542128065?refId=rrk8QshgnYuUeKywIY4vAw%3D%3D&trackingId=PoFv3j798jFHcIs40qMIow%3D%3D&position=4&pageNum=1&trk=public_jobs_jserp-result_search-card
29,Colorful Chairs,Junior SEO Analyst & Consulting (m/w/x),,,https://de.linkedin.com/jobs/view/junior-seo-analyst-consulting-m-w-x-at-colorful-chairs-3516501109?refId=rrk8QshgnYuUeKywIY4vAw%3D%3D&trackingId=%2BjENQqXVSuxZxwWzH%2FxU%2BA%3D%3D&position=5&pageNum=1&trk=public_jobs_jserp-result_search-card
30,Agoda,"Customer Insights Analyst (Bangkok Based, Relocation Provided)",,,https://de.linkedin.com/jobs/view/customer-insights-analyst-bangkok-based-relocation-provided-at-agoda-3557536919?refId=rrk8QshgnYuUeKywIY4vAw%3D%3D&trackingId=vvIp3nShC6mCh7%2FLFLxEig%3D%3D&position=6&pageNum=1&trk=public_jobs_jserp-result_search-card
31,INFUSEmedia,Marketing Analyst,,,https://de.linkedin.com/jobs/view/marketing-analyst-at-infusemedia-3530102540?refId=rrk8QshgnYuUeKywIY4vAw%3D%3D&trackingId=f8sv83IorfY45JY%2Fud3s5Q%3D%3D&position=7&pageNum=1&trk=public_jobs_jserp-result_search-card
32,Helios Kliniken GmbH,Business Analyst Microsoft On-Premise (m/w/d),,,https://de.linkedin.com/jobs/view/business-analyst-microsoft-on-premise-m-w-d-at-helios-kliniken-gmbh-3523534565?refId=rrk8QshgnYuUeKywIY4vAw%3D%3D&trackingId=MSgfxFHuShBaY5WQrTBftA%3D%3D&position=8&pageNum=1&trk=public_jobs_jserp-result_search-card
33,Deefinity Digital Consulting GmbH,Agile Business Analyst / Projekt Management / PMO (m/w/d),,,https://de.linkedin.com/jobs/view/agile-business-analyst-projekt-management-pmo-m-w-d-at-deefinity-digital-consulting-gmbh-3557190465?refId=rrk8QshgnYuUeKywIY4vAw%3D%3D&trackingId=%2FvP5IVHaIRnJFWOFHgJghA%3D%3D&position=9&pageNum=1&trk=public_jobs_jserp-result_search-card
34,momox,(Senior) Marketing Analyst (m/w/d),,,https://de.linkedin.com/jobs/view/senior-marketing-analyst-m-w-d-at-momox-3553526934?refId=rrk8QshgnYuUeKywIY4vAw%3D%3D&trackingId=g2DblFHcRYHH6Mwz9RFQjA%3D%3D&position=10&pageNum=1&trk=public_jobs_jserp-result_search-card
35,Helios Kliniken GmbH,Business Analyst Microsoft Cloud (m/w/d),,,https://de.linkedin.com/jobs/view/business-analyst-microsoft-cloud-m-w-d-at-helios-kliniken-gmbh-3501338804?refId=rrk8QshgnYuUeKywIY4vAw%3D%3D&trackingId=%2F%2FMWXxcQQvK2WtEd5Yezyw%3D%3D&position=11&pageNum=1&trk=public_jobs_jserp-result_search-card
36,Agoda,"Senior Data Analyst (Bangkok Based, Relocation Provided)",,,https://de.linkedin.com/jobs/view/senior-data-analyst-bangkok-based-relocation-provided-at-agoda-3557542155?refId=rrk8QshgnYuUeKywIY4vAw%3D%3D&trackingId=k75YZzRL5ySi71mYdgwNXQ%3D%3D&position=12&pageNum=1&trk=public_jobs_jserp-result_search-card
37,Lufthansa Industry Solutions,Business Analyst (all genders) Digitalisierung,,,https://de.linkedin.com/jobs/view/business-analyst-all-genders-digitalisierung-at-lufthansa-industry-solutions-3544454873?refId=rrk8QshgnYuUeKywIY4vAw%3D%3D&trackingId=d%2BWOX00eKKMtk1klYppx3g%3D%3D&position=13&pageNum=1&trk=public_jobs_jserp-result_search-card
38,DKB Service GmbH,(IT-)Business Analyst Risikosysteme,,,https://de.linkedin.com/jobs/view/it-business-analyst-risikosysteme-at-dkb-service-gmbh-3555966349?refId=rrk8QshgnYuUeKywIY4vAw%3D%3D&trackingId=d2xYkrrRLCY7lb3SFCYc5w%3D%3D&position=14&pageNum=1&trk=public_jobs_jserp-result_search-card
39,eBay Kleinanzeigen,Senior Product Analyst Transactions (d/f/m),,,https://de.linkedin.com/jobs/view/senior-product-analyst-transactions-d-f-m-at-ebay-kleinanzeigen-3550748415?refId=rrk8QshgnYuUeKywIY4vAw%3D%3D&trackingId=%2Bbu6kh6lImKJUk%2FDK8OUKQ%3D%3D&position=15&pageNum=1&trk=public_jobs_jserp-result_search-card
40,zeb consulting,IT Architekt / Business Data Analyst (w|m|d),,,https://de.linkedin.com/jobs/view/it-architekt-business-data-analyst-w-m-d-at-zeb-consulting-3498580570?refId=rrk8QshgnYuUeKywIY4vAw%3D%3D&trackingId=a4IZ1%2BNDOYyfZ7ro5%2FfVIA%3D%3D&position=16&pageNum=1&trk=public_jobs_jserp-result_search-card
41,DKB Service GmbH,Business Analyst Controlling,,,https://de.linkedin.com/jobs/view/business-analyst-controlling-at-dkb-service-gmbh-3555962554?refId=rrk8QshgnYuUeKywIY4vAw%3D%3D&trackingId=Whz0s0B1CgtWPIM04S%2BqHw%3D%3D&position=17&pageNum=1&trk=public_jobs_jserp-result_search-card
42,Believe Resourcing Group,BUSINESS ANALYST,,,https://de.linkedin.com/jobs/view/business-analyst-at-believe-resourcing-group-3521053710?refId=rrk8QshgnYuUeKywIY4vAw%3D%3D&trackingId=pg0TchkfEr57uMr4sghmbg%3D%3D&position=18&pageNum=1&trk=public_jobs_jserp-result_search-card
43,9 friendly white rabbits,(Senior) Web Analyst | Tracking Specialist (m/w/d),,,https://de.linkedin.com/jobs/view/senior-web-analyst-tracking-specialist-m-w-d-at-9-friendly-white-rabbits-3542517348?refId=rrk8QshgnYuUeKywIY4vAw%3D%3D&trackingId=Fw5fVZm53nAVMvnC1Otkjg%3D%3D&position=19&pageNum=1&trk=public_jobs_jserp-result_search-card
44,msg,Business Consultant Data Architecture und Data Analysis / New Data Solutions (m/w/d),,,https://de.linkedin.com/jobs/view/business-consultant-data-architecture-und-data-analysis-new-data-solutions-m-w-d-at-msg-3543539125?refId=rrk8QshgnYuUeKywIY4vAw%3D%3D&trackingId=xvi%2BBCkhBvQWtEVpgeBeRQ%3D%3D&position=20&pageNum=1&trk=public_jobs_jserp-result_search-card
45,DKB | Deutsche Kreditbank AG,(IT-)Business Analyst Risikosysteme (m/w/d),,,https://de.linkedin.com/jobs/view/it-business-analyst-risikosysteme-m-w-d-at-dkb-deutsche-kreditbank-ag-3511348999?refId=rrk8QshgnYuUeKywIY4vAw%3D%3D&trackingId=g4QJV%2Buqq2scAM0MjfskYA%3D%3D&position=21&pageNum=1&trk=public_jobs_jserp-result_search-card
46,SteepConsult,Business Analyst (m/w/d),,,https://de.linkedin.com/jobs/view/business-analyst-m-w-d-at-steepconsult-3559297624?refId=rrk8QshgnYuUeKywIY4vAw%3D%3D&trackingId=oNxo7DUnlPTdONEANkGCrQ%3D%3D&position=22&pageNum=1&trk=public_jobs_jserp-result_search-card
47,Agoda,"Statistical Analyst (Bangkok Based, Relocation Provided)",,,https://de.linkedin.com/jobs/view/statistical-analyst-bangkok-based-relocation-provided-at-agoda-3557539538?refId=rrk8QshgnYuUeKywIY4vAw%3D%3D&trackingId=a%2F3HwaWLI5U1JLsvWuj2Eg%3D%3D&position=23&pageNum=1&trk=public_jobs_jserp-result_search-card
48,InterEx Group,D365 F&O Business Analyst (SCM),,,https://de.linkedin.com/jobs/view/d365-f-o-business-analyst-scm-at-interex-group-3553567459?refId=rrk8QshgnYuUeKywIY4vAw%3D%3D&trackingId=iH6XvX2S1dFupKgjp2qaGQ%3D%3D&position=24&pageNum=1&trk=public_jobs_jserp-result_search-card
49,ThiemeBieg & Associates,Business Analyst,,,https://de.linkedin.com/jobs/view/business-analyst-at-thiemebieg-associates-3552088401?refId=rrk8QshgnYuUeKywIY4vAw%3D%3D&trackingId=yv8AOrpU19R%2BrJ7jRSfjvg%3D%3D&position=25&pageNum=1&trk=public_jobs_jserp-result_search-card
50,eBay Kleinanzeigen,Senior Product Analyst Transactions (d/f/m),,,https://de.linkedin.com/jobs/view/senior-product-analyst-transactions-d-f-m-at-ebay-kleinanzeigen-3555388703?refId=vV3wCMzzg6krPG9DrNC5Kg%3D%3D&trackingId=BY4IbbdoLHSNbUPj%2B2cGyQ%3D%3D&position=1&pageNum=2&trk=public_jobs_jserp-result_search-card
51,AllCloud,FinOps Business Analyst (m/f/d),,,https://de.linkedin.com/jobs/view/finops-business-analyst-m-f-d-at-allcloud-3504037372?refId=vV3wCMzzg6krPG9DrNC5Kg%3D%3D&trackingId=rvcmv3DC6K%2BeLO4XCESrrA%3D%3D&position=2&pageNum=2&trk=public_jobs_jserp-result_search-card
52,publicplan GmbH,Business Analyst (m/w/d) - 100% remote,,,https://de.linkedin.com/jobs/view/business-analyst-m-w-d-100%25-remote-at-publicplan-gmbh-3450215564?refId=vV3wCMzzg6krPG9DrNC5Kg%3D%3D&trackingId=PHzpNNUDkF1OFxyL3IKrdA%3D%3D&position=3&pageNum=2&trk=public_jobs_jserp-result_search-card
53,flaconi,Senior Marketing & Product Analyst (all genders),,,https://de.linkedin.com/jobs/view/senior-marketing-product-analyst-all-genders-at-flaconi-3502419439?refId=vV3wCMzzg6krPG9DrNC5Kg%3D%3D&trackingId=2bWzJf5NSljPiz6cazTjrQ%3D%3D&position=4&pageNum=2&trk=public_jobs_jserp-result_search-card
54,Berlin Hyp AG,Business Analyst (m/w/d) - Regulatory Capital & Reporting,,,https://de.linkedin.com/jobs/view/business-analyst-m-w-d-regulatory-capital-reporting-at-berlin-hyp-ag-3556483064?refId=vV3wCMzzg6krPG9DrNC5Kg%3D%3D&trackingId=j%2Bo0iswsZJvXpvtVQBBMNg%3D%3D&position=5&pageNum=2&trk=public_jobs_jserp-result_search-card
55,thermondo,Business Analyst (m/f/d),,,https://de.linkedin.com/jobs/view/business-analyst-m-f-d-at-thermondo-3520088558?refId=vV3wCMzzg6krPG9DrNC5Kg%3D%3D&trackingId=0Y78XpZAgCc%2F5BEE3SzBPw%3D%3D&position=6&pageNum=2&trk=public_jobs_jserp-result_search-card
56,Tomgandhi Consulting Ltd,ACP-Business Analyst - L2 Support,,,https://de.linkedin.com/jobs/view/acp-business-analyst-l2-support-at-tomgandhi-consulting-ltd-3547848708?refId=vV3wCMzzg6krPG9DrNC5Kg%3D%3D&trackingId=8AdvHfoVIrrG27immgagIQ%3D%3D&position=7&pageNum=2&trk=public_jobs_jserp-result_search-card
57,TXT GROUP,"BUSINESS ANALYST / CONSULENTE FUNZIONALE, MAC SOLUTIONSSA, BERLINO (DE)",,,https://de.linkedin.com/jobs/view/business-analyst-consulente-funzionale-mac-solutionssa-berlino-de-at-txt-group-3554319022?refId=vV3wCMzzg6krPG9DrNC5Kg%3D%3D&trackingId=1An6mXlD%2B61ro%2Bhmyw5vQg%3D%3D&position=8&pageNum=2&trk=public_jobs_jserp-result_search-card
58,Positive Thinking Company,Business Analyst (M/W/D),,,https://de.linkedin.com/jobs/view/business-analyst-m-w-d-at-positive-thinking-company-3557996879?refId=vV3wCMzzg6krPG9DrNC5Kg%3D%3D&trackingId=4e27TUzuz9sOQO06TkAI0Q%3D%3D&position=9&pageNum=2&trk=public_jobs_jserp-result_search-card
59,Lufthansa Systems,Business Analyst NetLine/Ops (m/f/diverse),,,https://de.linkedin.com/jobs/view/business-analyst-netline-ops-m-f-diverse-at-lufthansa-systems-3544454791?refId=vV3wCMzzg6krPG9DrNC5Kg%3D%3D&trackingId=EAJDLiWLDfq79GKiKghNfg%3D%3D&position=10&pageNum=2&trk=public_jobs_jserp-result_search-card
60,FORWARDIS,Business Analyst mit Finanzkenntnissen (m/w/d),,,https://de.linkedin.com/jobs/view/business-analyst-mit-finanzkenntnissen-m-w-d-at-forwardis-3529206440?refId=vV3wCMzzg6krPG9DrNC5Kg%3D%3D&trackingId=bYz7kmtTZhrRjRBR0Hl2jA%3D%3D&position=11&pageNum=2&trk=public_jobs_jserp-result_search-card
61,iBeat recruiting Berlin,Marketing Analyst / Growth Manager (m/f/d),,,https://de.linkedin.com/jobs/view/marketing-analyst-growth-manager-m-f-d-at-ibeat-recruiting-berlin-3476512961?refId=vV3wCMzzg6krPG9DrNC5Kg%3D%3D&trackingId=M52jEk4EoejtU%2BFtHuk%2B6A%3D%3D&position=12&pageNum=2&trk=public_jobs_jserp-result_search-card
62,Adjust,Information Security Analyst,,,https://de.linkedin.com/jobs/view/information-security-analyst-at-adjust-3557637765?refId=vV3wCMzzg6krPG9DrNC5Kg%3D%3D&trackingId=xvPV9p0WbTP8VSKvJTYVRA%3D%3D&position=13&pageNum=2&trk=public_jobs_jserp-result_search-card
63,Goodlive GmbH,Marketing Analyst & Revenue Manager (x/w/m),,,https://de.linkedin.com/jobs/view/marketing-analyst-revenue-manager-x-w-m-at-goodlive-gmbh-3545717783?refId=vV3wCMzzg6krPG9DrNC5Kg%3D%3D&trackingId=Bhlo8fUtCd0WuxFOyYPiyA%3D%3D&position=14&pageNum=2&trk=public_jobs_jserp-result_search-card
64,WTS Advisory,Business Analyst (w/m/d) Finance Optimization,,,https://de.linkedin.com/jobs/view/business-analyst-w-m-d-finance-optimization-at-wts-advisory-3404664036?refId=vV3wCMzzg6krPG9DrNC5Kg%3D%3D&trackingId=El3mQn1YZOsRqiYFJWWw4w%3D%3D&position=15&pageNum=2&trk=public_jobs_jserp-result_search-card
65,]init[ - Services for the eSociety,Agile Business Analyst (m/w/d),,,https://de.linkedin.com/jobs/view/agile-business-analyst-m-w-d-at-init-ag-f%C3%BCr-digitale-kommunikation-3528426253?refId=vV3wCMzzg6krPG9DrNC5Kg%3D%3D&trackingId=kcfMu%2BaOJe%2Bo%2Fc%2B%2FI%2Ft%2BmQ%3D%3D&position=16&pageNum=2&trk=public_jobs_jserp-result_search-card
66,Agoda,"Senior Customer Insights Analyst (Bangkok Based, Relocation Provided)",,,https://de.linkedin.com/jobs/view/senior-customer-insights-analyst-bangkok-based-relocation-provided-at-agoda-3557538471?refId=vV3wCMzzg6krPG9DrNC5Kg%3D%3D&trackingId=WnNXBk5DJyMykw7c6zb%2B8A%3D%3D&position=17&pageNum=2&trk=public_jobs_jserp-result_search-card
67,mgm technology partners,Business Analyst für die Modellierung von Web Applikationen (m/w/d),,,https://de.linkedin.com/jobs/view/business-analyst-f%C3%BCr-die-modellierung-von-web-applikationen-m-w-d-at-mgm-technology-partners-3551372008?refId=vV3wCMzzg6krPG9DrNC5Kg%3D%3D&trackingId=lDbw46pRtgHEdhvPQDJXEQ%3D%3D&position=18&pageNum=2&trk=public_jobs_jserp-result_search-card
68,TUI,Business Analyst Fokus Conversion Rate Optimierung (m/w/d),,,https://de.linkedin.com/jobs/view/business-analyst-fokus-conversion-rate-optimierung-m-w-d-at-tui-2904311537?refId=vV3wCMzzg6krPG9DrNC5Kg%3D%3D&trackingId=uOxggT3WuDSeP8l2NP2Z7g%3D%3D&position=19&pageNum=2&trk=public_jobs_jserp-result_search-card
69,Stromnetz Berlin GmbH,Business Analyst*in,,,https://de.linkedin.com/jobs/view/business-analyst-in-at-stromnetz-berlin-gmbh-3548470108?refId=vV3wCMzzg6krPG9DrNC5Kg%3D%3D&trackingId=NmEkC2UGNkLLhZtZinpXzg%3D%3D&position=20&pageNum=2&trk=public_jobs_jserp-result_search-card
70,Positive Thinking Company,Business Analyst (M/W/D),,,https://de.linkedin.com/jobs/view/business-analyst-m-w-d-at-positive-thinking-company-3552411482?refId=vV3wCMzzg6krPG9DrNC5Kg%3D%3D&trackingId=e35%2FAyY%2Brz1C95zNjQ5clw%3D%3D&position=21&pageNum=2&trk=public_jobs_jserp-result_search-card
71,]init[ - Services for the eSociety,Agile Business Analyst (m/w/d),,,https://de.linkedin.com/jobs/view/agile-business-analyst-m-w-d-at-init-ag-f%C3%BCr-digitale-kommunikation-3481650522?refId=vV3wCMzzg6krPG9DrNC5Kg%3D%3D&trackingId=IBY7a%2Fdgbk77sP%2BpHclIbg%3D%3D&position=22&pageNum=2&trk=public_jobs_jserp-result_search-card
72,iBeat recruiting Berlin,Business Analyst (m/f/d) - Energy/Tech,,,https://de.linkedin.com/jobs/view/business-analyst-m-f-d-energy-tech-at-ibeat-recruiting-berlin-3535825829?refId=vV3wCMzzg6krPG9DrNC5Kg%3D%3D&trackingId=6H1DEHwPme5hbCHxBUwn3Q%3D%3D&position=23&pageNum=2&trk=public_jobs_jserp-result_search-card
73,KPMG Deutschland,Praktikum (w/m/d) Business Research & Analysis,,,https://de.linkedin.com/jobs/view/praktikum-w-m-d-business-research-analysis-at-kpmg-deutschland-3492135013?refId=vV3wCMzzg6krPG9DrNC5Kg%3D%3D&trackingId=nskCuF0E5C3dV4WCUKe85Q%3D%3D&position=24&pageNum=2&trk=public_jobs_jserp-result_search-card
74,Deutsche Bahn,Business Analyst:in,,,https://de.linkedin.com/jobs/view/business-analyst-in-at-deutsche-bahn-3557538155?refId=vV3wCMzzg6krPG9DrNC5Kg%3D%3D&trackingId=GueT7fMUCriqiXRSr8ghSw%3D%3D&position=25&pageNum=2&trk=public_jobs_jserp-result_search-card
75,Positive Thinking Company,Business Analyst (M/W/D),,,https://de.linkedin.com/jobs/view/business-analyst-m-w-d-at-positive-thinking-company-3543369322?refId=YPpv8I4Qa9vkgtNOcKeTmA%3D%3D&trackingId=JMb1qZiSLCFRWRQUHQAluQ%3D%3D&position=1&pageNum=3&trk=public_jobs_jserp-result_search-card
76,Airbus,Business Analyst & Application Architect (m/w/d),,,https://de.linkedin.com/jobs/view/business-analyst-application-architect-m-w-d-at-airbus-3562056000?refId=YPpv8I4Qa9vkgtNOcKeTmA%3D%3D&trackingId=8zL63RoZtaMQ%2Fap7gsXWEQ%3D%3D&position=2&pageNum=3&trk=public_jobs_jserp-result_search-card
77,Worldline,Growth Analyst (m/w/d),,,https://de.linkedin.com/jobs/view/growth-analyst-m-w-d-at-worldline-3511774360?refId=YPpv8I4Qa9vkgtNOcKeTmA%3D%3D&trackingId=bfOXZR4sE86n0jZLFjludQ%3D%3D&position=3&pageNum=3&trk=public_jobs_jserp-result_search-card
78,Adjust,Information Security Analyst,,,https://de.linkedin.com/jobs/view/information-security-analyst-at-adjust-3551124467?refId=YPpv8I4Qa9vkgtNOcKeTmA%3D%3D&trackingId=UIIT6HjlQe%2BusQ00UaQqMg%3D%3D&position=4&pageNum=3&trk=public_jobs_jserp-result_search-card
79,Positive Thinking Company,Business Analyst (M/W/D),,,https://de.linkedin.com/jobs/view/business-analyst-m-w-d-at-positive-thinking-company-3542783288?refId=YPpv8I4Qa9vkgtNOcKeTmA%3D%3D&trackingId=ljQLKSIzk1epi5sfyR%2FTSQ%3D%3D&position=5&pageNum=3&trk=public_jobs_jserp-result_search-card
80,Positive Thinking Company,Business Analyst (M/W/D),,,https://de.linkedin.com/jobs/view/business-analyst-m-w-d-at-positive-thinking-company-3553049662?refId=YPpv8I4Qa9vkgtNOcKeTmA%3D%3D&trackingId=%2Bu6UEFfwP7ecHbM0mhmi9Q%3D%3D&position=6&pageNum=3&trk=public_jobs_jserp-result_search-card
81,Capgemini,Senior Business Analyst Digital Marketing (w/m/d),,,https://de.linkedin.com/jobs/view/senior-business-analyst-digital-marketing-w-m-d-at-capgemini-3521106621?refId=YPpv8I4Qa9vkgtNOcKeTmA%3D%3D&trackingId=jk9wDJ4BXRPSjRpD3%2Fq%2F5w%3D%3D&position=7&pageNum=3&trk=public_jobs_jserp-result_search-card
82,KPMG Law,Business Analyst (m/w/d) Legal Process & Technology,,,https://de.linkedin.com/jobs/view/business-analyst-m-w-d-legal-process-technology-at-kpmg-law-3493748494?refId=YPpv8I4Qa9vkgtNOcKeTmA%3D%3D&trackingId=AbARP7ghrmPMAxqnofGi7Q%3D%3D&position=8&pageNum=3&trk=public_jobs_jserp-result_search-card
83,Positive Thinking Company,Business Analyst (M/W/D),,,https://de.linkedin.com/jobs/view/business-analyst-m-w-d-at-positive-thinking-company-3550794254?refId=YPpv8I4Qa9vkgtNOcKeTmA%3D%3D&trackingId=3c%2FvcIXI0g0U4saGIWojNw%3D%3D&position=9&pageNum=3&trk=public_jobs_jserp-result_search-card
84,DKB | Deutsche Kreditbank AG,Business Analyst Controlling (m/w/d),,,https://de.linkedin.com/jobs/view/business-analyst-controlling-m-w-d-at-dkb-deutsche-kreditbank-ag-3515009968?refId=YPpv8I4Qa9vkgtNOcKeTmA%3D%3D&trackingId=EXB2qUoeVQBpCV4vjBOurA%3D%3D&position=10&pageNum=3&trk=public_jobs_jserp-result_search-card
85,Kvalito Consulting Group,Life Science Consultant: Business Analyst,,,https://de.linkedin.com/jobs/view/life-science-consultant-business-analyst-at-kvalito-consulting-group-3549275701?refId=YPpv8I4Qa9vkgtNOcKeTmA%3D%3D&trackingId=Cm6CKxS8P1iiyiHeaQy9vQ%3D%3D&position=11&pageNum=3&trk=public_jobs_jserp-result_search-card
86,]init[ - Services for the eSociety,Business Analyst (m/w/d),,,https://de.linkedin.com/jobs/view/business-analyst-m-w-d-at-init-ag-f%C3%BCr-digitale-kommunikation-3518145430?refId=YPpv8I4Qa9vkgtNOcKeTmA%3D%3D&trackingId=OoZqNaByvDf6gst4dsHphg%3D%3D&position=12&pageNum=3&trk=public_jobs_jserp-result_search-card
87,TotalEnergies,Business Analyst Pricing & Hedging (m/w/d),,,https://de.linkedin.com/jobs/view/business-analyst-pricing-hedging-m-w-d-at-totalenergies-3507275635?refId=YPpv8I4Qa9vkgtNOcKeTmA%3D%3D&trackingId=wXfKisN95z%2FDl8jbDXhglw%3D%3D&position=13&pageNum=3&trk=public_jobs_jserp-result_search-card
88,]init[ - Services for the eSociety,Business Analyst (m/w/d),,,https://de.linkedin.com/jobs/view/business-analyst-m-w-d-at-init-ag-f%C3%BCr-digitale-kommunikation-3518142632?refId=YPpv8I4Qa9vkgtNOcKeTmA%3D%3D&trackingId=hZuhIBS3dj405SunkclKkg%3D%3D&position=14&pageNum=3&trk=public_jobs_jserp-result_search-card
89,freenet Shop GmbH,Business Analyst (m/w/d) Retail Transformation,,,https://de.linkedin.com/jobs/view/business-analyst-m-w-d-retail-transformation-at-freenet-shop-gmbh-3551472432?refId=YPpv8I4Qa9vkgtNOcKeTmA%3D%3D&trackingId=lhZfLohD2Q14R4ghbb9OPg%3D%3D&position=15&pageNum=3&trk=public_jobs_jserp-result_search-card
90,Agoda,"Analytics Specialist (Bangkok Based, Relocation Provided)",,,https://de.linkedin.com/jobs/view/analytics-specialist-bangkok-based-relocation-provided-at-agoda-3557538596?refId=YPpv8I4Qa9vkgtNOcKeTmA%3D%3D&trackingId=Mq0P8ei%2FuxRtrIvmdG1BRA%3D%3D&position=16&pageNum=3&trk=public_jobs_jserp-result_search-card
91,ARREBA Consulting GmbH,"Business Analyst Financial Services (m/w/d) Quereinstieg mit Berufserfahrung Bank Projektstandorte München, Hamburg, Berlin, Frankfurt",,,https://de.linkedin.com/jobs/view/business-analyst-financial-services-m-w-d-quereinstieg-mit-berufserfahrung-bank-projektstandorte-m%C3%BCnchen-hamburg-berlin-frankfurt-at-arreba-consulting-gmbh-3537451149?refId=YPpv8I4Qa9vkgtNOcKeTmA%3D%3D&trackingId=DrcnOfO6HvLgPCHaQIXNMQ%3D%3D&position=17&pageNum=3&trk=public_jobs_jserp-result_search-card
92,DocMorris N.V.,Business Analyst (m/w/d) Category Management,,,https://de.linkedin.com/jobs/view/business-analyst-m-w-d-category-management-at-docmorris-n-v-3555175299?refId=YPpv8I4Qa9vkgtNOcKeTmA%3D%3D&trackingId=Tsk0%2B%2BB%2BQoIE0myIK7bMUg%3D%3D&position=18&pageNum=3&trk=public_jobs_jserp-result_search-card
93,BearingPoint,Business Analyst Telecommunications & Digital Strategy (m/w/d) in Berlin,,,https://de.linkedin.com/jobs/view/business-analyst-telecommunications-digital-strategy-m-w-d-in-berlin-at-bearingpoint-2960143720?refId=YPpv8I4Qa9vkgtNOcKeTmA%3D%3D&trackingId=CJ%2FIKk1cPD97cgPWfD9OlA%3D%3D&position=19&pageNum=3&trk=public_jobs_jserp-result_search-card
94,NEW YORKER,BUSINESS ANALYST* KASSENSYSTEME (POS),,,https://de.linkedin.com/jobs/view/business-analyst-kassensysteme-pos-at-new-yorker-3458769272?refId=YPpv8I4Qa9vkgtNOcKeTmA%3D%3D&trackingId=xEfNM9v6Eq5VnISYtNy8gQ%3D%3D&position=20&pageNum=3&trk=public_jobs_jserp-result_search-card
95,Talently,Business Analyst bei einer Private Equity Portfoliogesellschaft im Bereich Education,,,https://de.linkedin.com/jobs/view/business-analyst-bei-einer-private-equity-portfoliogesellschaft-im-bereich-education-at-talently-3531025261?refId=YPpv8I4Qa9vkgtNOcKeTmA%3D%3D&trackingId=nP8F5WUQ%2B8VKj%2BPfb9EkcQ%3D%3D&position=21&pageNum=3&trk=public_jobs_jserp-result_search-card
96,Vodafone,"Duales Studium B.A. BWL, mit Schwerpunkt Digital Innovation in Berlin (2023)",,,https://de.linkedin.com/jobs/view/duales-studium-b-a-bwl-mit-schwerpunkt-digital-innovation-in-berlin-2023-at-vodafone-3519913444?refId=YPpv8I4Qa9vkgtNOcKeTmA%3D%3D&trackingId=wVktcNr%2B6DWM%2F3TLdgRAoA%3D%3D&position=22&pageNum=3&trk=public_jobs_jserp-result_search-card
97,Berlin Hyp AG,Business Analyst - Regulatory Capital & Reporting (m/w/d),,,https://de.linkedin.com/jobs/view/business-analyst-regulatory-capital-reporting-m-w-d-at-berlin-hyp-ag-3509548808?refId=YPpv8I4Qa9vkgtNOcKeTmA%3D%3D&trackingId=D9EZSqGc53T9OsJJVP%2FSeQ%3D%3D&position=23&pageNum=3&trk=public_jobs_jserp-result_search-card
98,WTS Advisory,"Business Analyst (w/m/d) Governance, Risk & Compliance",,,https://de.linkedin.com/jobs/view/business-analyst-w-m-d-governance-risk-compliance-at-wts-advisory-3531068032?refId=YPpv8I4Qa9vkgtNOcKeTmA%3D%3D&trackingId=AlCcxnDEpjyfUxN2gEJ7fw%3D%3D&position=24&pageNum=3&trk=public_jobs_jserp-result_search-card
99,NEW YORKER,BUSINESS ANALYST* KASSENSYSTEME (POS),,,https://de.linkedin.com/jobs/view/business-analyst-kassensysteme-pos-at-new-yorker-3458765958?refId=YPpv8I4Qa9vkgtNOcKeTmA%3D%3D&trackingId=OG07b7g6EF9ShQRu8LnRsg%3D%3D&position=25&pageNum=3&trk=public_jobs_jserp-result_search-card
100,Telekom MMS,Consultant KI und Digitalisierung (m/w/d),,,https://de.linkedin.com/jobs/view/consultant-ki-und-digitalisierung-m-w-d-at-telekom-mms-3414738121?refId=mGaOP%2FW14pge4Pt1R0oF9w%3D%3D&trackingId=As4VCqb9O7n8tmP0fs%2BgpQ%3D%3D&position=1&pageNum=4&trk=public_jobs_jserp-result_search-card
101,NEW YORKER,BUSINESS ANALYST* GESCHÄFTSPROZESSE UND -ANWENDUNGEN,,,https://de.linkedin.com/jobs/view/business-analyst-gesch%C3%A4ftsprozesse-und-anwendungen-at-new-yorker-3503592969?refId=mGaOP%2FW14pge4Pt1R0oF9w%3D%3D&trackingId=CwDqWSuR5vof%2FgK9DEGhgg%3D%3D&position=2&pageNum=4&trk=public_jobs_jserp-result_search-card
102,Tesla,Duales Studium B.A. International Service Management (m/w/d) - Berlin,,,https://de.linkedin.com/jobs/view/duales-studium-b-a-international-service-management-m-w-d-berlin-at-tesla-3472879133?refId=mGaOP%2FW14pge4Pt1R0oF9w%3D%3D&trackingId=LmOUUyn%2BbwTorQt662S0EQ%3D%3D&position=3&pageNum=4&trk=public_jobs_jserp-result_search-card
103,Agoda,"Analytical roles – Analyst/ Senior Analyst/ Associate Manager (Bangkok Based, Relocation Provided)",,,https://de.linkedin.com/jobs/view/analytical-roles-%E2%80%93-analyst-senior-analyst-associate-manager-bangkok-based-relocation-provided-at-agoda-3552096555?refId=mGaOP%2FW14pge4Pt1R0oF9w%3D%3D&trackingId=w%2BmqZzc87kh%2BiP0efF7rDg%3D%3D&position=4&pageNum=4&trk=public_jobs_jserp-result_search-card
104,freenet Shop GmbH,Business Analyst (m/w/d) Retail Transformation,,,https://de.linkedin.com/jobs/view/business-analyst-m-w-d-retail-transformation-at-freenet-shop-gmbh-3557905473?refId=mGaOP%2FW14pge4Pt1R0oF9w%3D%3D&trackingId=wO8LAdafIiOvMj4BbRalmQ%3D%3D&position=5&pageNum=4&trk=public_jobs_jserp-result_search-card
105,Agoda,"Senior Statistical Analyst (Bangkok Based, Relocation Provided)",,,https://de.linkedin.com/jobs/view/senior-statistical-analyst-bangkok-based-relocation-provided-at-agoda-3557539456?refId=mGaOP%2FW14pge4Pt1R0oF9w%3D%3D&trackingId=7AgTA1eRk0wqxOKwtSr80Q%3D%3D&position=6&pageNum=4&trk=public_jobs_jserp-result_search-card
106,Conwiss Consulting GmbH,Business Analyst - Anforderungsmanagement / Konzeption / ITIL / EPK (m/w/d),,,https://de.linkedin.com/jobs/view/business-analyst-anforderungsmanagement-konzeption-itil-epk-m-w-d-at-conwiss-consulting-gmbh-3525966824?refId=mGaOP%2FW14pge4Pt1R0oF9w%3D%3D&trackingId=37DosMxd7T4iSj590zuo2w%3D%3D&position=7&pageNum=4&trk=public_jobs_jserp-result_search-card
107,MILES Mobility,Fraud Business Analyst (f/m/x),,,https://de.linkedin.com/jobs/view/fraud-business-analyst-f-m-x-at-miles-mobility-3549617076?refId=mGaOP%2FW14pge4Pt1R0oF9w%3D%3D&trackingId=GOchXuOqqfL4LE5RQ5ZOxA%3D%3D&position=8&pageNum=4&trk=public_jobs_jserp-result_search-card
108,msg for banking ag,Business Analyst / Banking (m/w/d),,,https://de.linkedin.com/jobs/view/business-analyst-banking-m-w-d-at-msg-for-banking-ag-3534132356?refId=mGaOP%2FW14pge4Pt1R0oF9w%3D%3D&trackingId=fwU6oN13ZfYLH7ac%2FAX2Ew%3D%3D&position=9&pageNum=4&trk=public_jobs_jserp-result_search-card
109,Agoda,"Marketing Analyst (Bangkok Based, Relocation Provided)",,,https://de.linkedin.com/jobs/view/marketing-analyst-bangkok-based-relocation-provided-at-agoda-3557539543?refId=mGaOP%2FW14pge4Pt1R0oF9w%3D%3D&trackingId=1YSfEfBJbK3AF7qpoLVeww%3D%3D&position=10&pageNum=4&trk=public_jobs_jserp-result_search-card
110,Talently Recruiting,Private Equity Business Analyst,,,https://de.linkedin.com/jobs/view/business-analyst-m-w-d-at-amadeus-fire-3544024116?refId=mGaOP%2FW14pge4Pt1R0oF9w%3D%3D&trackingId=%2FhiaGSi5Buq0Q3wAtbs2AA%3D%3D&position=12&pageNum=4&trk=public_jobs_jserp-result_search-card
111,Amadeus FiRe,Business Analyst (m/w/d),,,https://de.linkedin.com/jobs/view/business-analyst-f%C3%BCr-customer-experience-gn-at-pamec-papp-gmbh-3550595956?refId=mGaOP%2FW14pge4Pt1R0oF9w%3D%3D&trackingId=OJjk40gPd6MqTkV0vjvpGQ%3D%3D&position=13&pageNum=4&trk=public_jobs_jserp-result_search-card
112,PAMEC PAPP GmbH,Business Analyst für Customer Experience (gn),,,https://de.linkedin.com/jobs/view/consultant-business-analyst-senior-bei-findic-w-m-d-at-zeb-consulting-3378324316?refId=mGaOP%2FW14pge4Pt1R0oF9w%3D%3D&trackingId=tC2i0bW8rK84jrsyhC4jCw%3D%3D&position=14&pageNum=4&trk=public_jobs_jserp-result_search-card
113,zeb consulting,Consultant / Business Analyst (Senior) bei findic (w|m|d),,,https://de.linkedin.com/jobs/view/werkstudent-business-analyst-m-a-m-w-d-at-jobs-via-efinancialcareers-3539290510?refId=mGaOP%2FW14pge4Pt1R0oF9w%3D%3D&trackingId=GdddRTvRZ6%2BeX1CPX2E76w%3D%3D&position=15&pageNum=4&trk=public_jobs_jserp-result_search-card
114,Jobs via eFinancialCareers,Werkstudent Business Analyst M&A (m/w/d),,,https://de.linkedin.com/jobs/view/hotel-business-analyst-m-w-d-at-hr-group-3554305837?refId=mGaOP%2FW14pge4Pt1R0oF9w%3D%3D&trackingId=TQoGepiAGS7pedAnIv4jXA%3D%3D&position=16&pageNum=4&trk=public_jobs_jserp-result_search-card
115,HR Group,Hotel Business Analyst (m/w/d),,,https://de.linkedin.com/jobs/view/senior-business-analyst-in-requirements-engineer-w-m-d-at-deutsche-bahn-international-3469436387?refId=mGaOP%2FW14pge4Pt1R0oF9w%3D%3D&trackingId=uDiqP4SgGETPd3eMg9O66Q%3D%3D&position=17&pageNum=4&trk=public_jobs_jserp-result_search-card
116,Deutsche Bahn International,Senior Business Analyst:in / Requirements Engineer (w/m/d),,,https://de.linkedin.com/jobs/view/business-analyst-w-m-d-financial-services-at-wts-advisory-3404657967?refId=mGaOP%2FW14pge4Pt1R0oF9w%3D%3D&trackingId=d1PPUE91yaE%2B1O7Nf52lqw%3D%3D&position=18&pageNum=4&trk=public_jobs_jserp-result_search-card
117,WTS Advisory,Business Analyst (w/m/d) Financial Services,,,https://de.linkedin.com/jobs/view/dual-b-a-medien-und-eventmanagement-m-w-d-at-hmkw-hochschule-f%C3%BCr-medien-kommunikation-und-wirtschaft-3521460905?refId=mGaOP%2FW14pge4Pt1R0oF9w%3D%3D&trackingId=mCv43xQOirSzyaFOVLph%2Bw%3D%3D&position=19&pageNum=4&trk=public_jobs_jserp-result_search-card
118,"HMKW University of Applied Sciences for Media, Communication and Management",Dual B.A. Medien- und Eventmanagement (m/w/d),,,https://de.linkedin.com/jobs/view/business-analyst-strategy-digital-transformation-energiewirtschaft-m-w-d-in-berlin-at-bearingpoint-2963471348?refId=mGaOP%2FW14pge4Pt1R0oF9w%3D%3D&trackingId=2i2mzRN%2BMgN96xUxr7O%2F3A%3D%3D&position=20&pageNum=4&trk=public_jobs_jserp-result_search-card
119,BearingPoint,Business Analyst Strategy & Digital Transformation | Energiewirtschaft (m/w/d) in Berlin,,,https://de.linkedin.com/jobs/view/business-analyst-w-m-d-transaction-advisory-at-wts-advisory-3404658966?refId=mGaOP%2FW14pge4Pt1R0oF9w%3D%3D&trackingId=%2BrrMtzhorP3ki1J1BCwt1Q%3D%3D&position=21&pageNum=4&trk=public_jobs_jserp-result_search-card
120,WTS Advisory,Business Analyst (w/m/d) Transaction Advisory,,,https://de.linkedin.com/jobs/view/business-analyst-datenmigration-all-genders-f%C3%BCr-die-adesso-insurance-solutions-gmbh-at-adesso-insurance-solutions-gmbh-3483440115?refId=mGaOP%2FW14pge4Pt1R0oF9w%3D%3D&trackingId=z8gVy1cO37Sjp4vIWfUGKA%3D%3D&position=22&pageNum=4&trk=public_jobs_jserp-result_search-card
121,adesso insurance solutions GmbH,Business Analyst Datenmigration (all genders) für die adesso insurance solutions GmbH,,,https://de.linkedin.com/jobs/view/analyst-bangkok-based-relocation-provided-at-agoda-3557535971?refId=mGaOP%2FW14pge4Pt1R0oF9w%3D%3D&trackingId=5PCVwA70TQpntYClG6cHkQ%3D%3D&position=23&pageNum=4&trk=public_jobs_jserp-result_search-card
122,Agoda,"Analyst (Bangkok Based, Relocation Provided)",,,https://de.linkedin.com/jobs/view/business-analyst-betrugsmanagementsystem-m-w-d-at-dkb-deutsche-kreditbank-ag-3514236233?refId=mGaOP%2FW14pge4Pt1R0oF9w%3D%3D&trackingId=76I6P0%2F1k1fACh5LS6DF%2BA%3D%3D&position=24&pageNum=4&trk=public_jobs_jserp-result_search-card
123,DKB | Deutsche Kreditbank AG,Business Analyst Betrugsmanagementsystem (m/w/d),,,https://de.linkedin.com/jobs/view/hungarian-speaking-social-media-analyst-gn-at-grafton-recruitment-3492705088?refId=mGaOP%2FW14pge4Pt1R0oF9w%3D%3D&trackingId=QNnF4V5Yvx%2FU%2FDi%2Br3A95A%3D%3D&position=25&pageNum=4&trk=public_jobs_jserp-result_search-card
124,Grafton Recruitment,Hungarian speaking Social Media Analyst (gn),,,https://de.linkedin.com/jobs/view/volunteer-business-analyst-in-cambodia-at-global-nomadic-2227913024?refId=Udtyt0xRYRiT1Sg0K4AmJw%3D%3D&trackingId=bQUzp9NDujQ1%2B17A4B2UXA%3D%3D&position=1&pageNum=5&trk=public_jobs_jserp-result_search-card
125,Global Nomadic,Volunteer: Business Analyst in Cambodia,,,https://de.linkedin.com/jobs/view/business-analyst-funktionsberater-mac-solutions-sa-berlin-de-at-txt-group-3554319023?refId=Udtyt0xRYRiT1Sg0K4AmJw%3D%3D&trackingId=6wxAsM%2Bugoi2oD6jeQoLcg%3D%3D&position=2&pageNum=5&trk=public_jobs_jserp-result_search-card
126,TXT GROUP,"BUSINESS ANALYST / FUNKTIONSBERATER, MAC SOLUTIONS SA,BERLIN (DE)",,,https://de.linkedin.com/jobs/view/senior-analyst-bangkok-based-relocation-provided-at-agoda-3557541249?refId=Udtyt0xRYRiT1Sg0K4AmJw%3D%3D&trackingId=JrTh2o7LK8tAaIjV8uW7xA%3D%3D&position=3&pageNum=5&trk=public_jobs_jserp-result_search-card
127,Agoda,"Senior Analyst (Bangkok Based, Relocation Provided)",,,https://de.linkedin.com/jobs/view/strategy-analyst-bangkok-based-relocation-provided-at-agoda-3557541273?refId=Udtyt0xRYRiT1Sg0K4AmJw%3D%3D&trackingId=%2BHwtlyi4IpZkZmXpcGVGzQ%3D%3D&position=4&pageNum=5&trk=public_jobs_jserp-result_search-card
128,Agoda,"Strategy Analyst (Bangkok Based, Relocation Provided)",,,https://de.linkedin.com/jobs/view/business-analyst-consultant-m-w-d-enterprise-resource-planning-erp-in-berlin-at-deloitte-3277747614?refId=Udtyt0xRYRiT1Sg0K4AmJw%3D%3D&trackingId=46P7GlWWYI%2BSwCTM147hpg%3D%3D&position=5&pageNum=5&trk=public_jobs_jserp-result_search-card
129,Deloitte,Business Analyst / Consultant (m/w/d) Enterprise Resource Planning (ERP) in Berlin,,,https://de.linkedin.com/jobs/view/business-analyst-bangkok-based-relocation-provided-at-agoda-3557541362?refId=Udtyt0xRYRiT1Sg0K4AmJw%3D%3D&trackingId=W3Gx70ugvtA2YQe0cosLOw%3D%3D&position=6&pageNum=5&trk=public_jobs_jserp-result_search-card
130,Agoda,"Business Analyst (Bangkok Based, Relocation Provided)",,,https://de.linkedin.com/jobs/view/dual-digitales-marketing-und-e-commerce-m-w-d-at-hmkw-hochschule-f%C3%BCr-medien-kommunikation-und-wirtschaft-3521467454?refId=Udtyt0xRYRiT1Sg0K4AmJw%3D%3D&trackingId=LpcugVdJNM5toK%2B51vKuJw%3D%3D&position=7&pageNum=5&trk=public_jobs_jserp-result_search-card
131,"HMKW University of Applied Sciences for Media, Communication and Management",Dual Digitales Marketing und E-Commerce (m/w/d),,,https://de.linkedin.com/jobs/view/duales-studium-betriebswirtschaftslehre-bank-b-a-mit-fokus-vertrieb-m-w-d-at-interhyp-gruppe-3487743110?refId=Udtyt0xRYRiT1Sg0K4AmJw%3D%3D&trackingId=BsOz6WuY%2FyYZu9FO%2BYdsUA%3D%3D&position=8&pageNum=5&trk=public_jobs_jserp-result_search-card
132,Interhyp Gruppe,Duales Studium Betriebswirtschaftslehre / Bank B.A. mit Fokus Vertrieb (m/w/d),,,https://de.linkedin.com/jobs/view/duales-studium-b-a-business-administration-fom-hochschule-schwerpunkt-verkauf-at-aldi-nord-3554436994?refId=Udtyt0xRYRiT1Sg0K4AmJw%3D%3D&trackingId=1epQNLbbbd0UWxiUuSBqeA%3D%3D&position=9&pageNum=5&trk=public_jobs_jserp-result_search-card
133,ALDI Nord,Duales Studium (B.A.) Business Administration FOM Hochschule / Schwerpunkt Verkauf,,,https://de.linkedin.com/jobs/view/duales-studium-b-a-business-administration-fom-hochschule-schwerpunkt-verkauf-at-aldi-nord-3554443198?refId=Udtyt0xRYRiT1Sg0K4AmJw%3D%3D&trackingId=w7JY8UyfRY7Ktdu8Ug%2ByTQ%3D%3D&position=10&pageNum=5&trk=public_jobs_jserp-result_search-card
134,ALDI Nord,Duales Studium (B.A.) Business Administration FOM Hochschule / Schwerpunkt Verkauf,,,https://de.linkedin.com/jobs/view/duales-studium-b-a-bwl-mit-schwerpunkt-business-sales-in-berlin-2023-at-vodafone-3493652035?refId=Udtyt0xRYRiT1Sg0K4AmJw%3D%3D&trackingId=RkWkoh86ThPW1UgwzGId%2FA%3D%3D&position=11&pageNum=5&trk=public_jobs_jserp-result_search-card
135,Vodafone,"Duales Studium B.A. BWL, mit Schwerpunkt Business Sales in Berlin (2023)",,,https://de.linkedin.com/jobs/view/duales-studium-b-a-business-administration-fom-hochschule-schwerpunkt-verkauf-at-aldi-nord-3548828510?refId=Udtyt0xRYRiT1Sg0K4AmJw%3D%3D&trackingId=jpFIERb8AoMKq3013IWWVg%3D%3D&position=12&pageNum=5&trk=public_jobs_jserp-result_search-card
136,ALDI Nord,Duales Studium (B.A.) Business Administration FOM Hochschule / Schwerpunkt Verkauf,,,https://de.linkedin.com/jobs/view/duales-studium-b-a-business-administration-fom-hochschule-schwerpunkt-verkauf-at-aldi-nord-3555981471?refId=Udtyt0xRYRiT1Sg0K4AmJw%3D%3D&trackingId=hcX3JO45IkCuOlNrw4R8LA%3D%3D&position=13&pageNum=5&trk=public_jobs_jserp-result_search-card
137,ALDI Nord,Duales Studium (B.A.) Business Administration FOM Hochschule / Schwerpunkt Verkauf,,,https://de.linkedin.com/jobs/view/duales-studium-b-a-business-administration-fom-hochschule-schwerpunkt-verkauf-at-aldi-nord-3558970659?refId=Udtyt0xRYRiT1Sg0K4AmJw%3D%3D&trackingId=Pxtzzcyaw8EwO2eK9aQRNA%3D%3D&position=14&pageNum=5&trk=public_jobs_jserp-result_search-card
138,ALDI Nord,Duales Studium (B.A.) Business Administration FOM Hochschule / Schwerpunkt Verkauf,,,https://de.linkedin.com/jobs/view/praxiskoordination-d-w-m-ba-studiengang-angewandte-hebammenwissenschaft-cc01-12-22-at-soatadomicilio-3518229467?refId=Udtyt0xRYRiT1Sg0K4AmJw%3D%3D&trackingId=aYxa8K3gIwlx4FnO3Ak7eQ%3D%3D&position=15&pageNum=5&trk=public_jobs_jserp-result_search-card
139,soatadomicilio,Praxiskoordination (d/w/m) BA-Studiengang Angewandte Hebammenwissenschaft CC01-12.22,,,https://de.linkedin.com/jobs/view/duales-studium-b-a-business-administration-fom-hochschule-schwerpunkt-verkauf-at-aldi-nord-3560532118?refId=Udtyt0xRYRiT1Sg0K4AmJw%3D%3D&trackingId=qNt4AOPlT9yUzCJmSKh1Ng%3D%3D&position=16&pageNum=5&trk=public_jobs_jserp-result_search-card
140,ALDI Nord,Duales Studium (B.A.) Business Administration FOM Hochschule / Schwerpunkt Verkauf,,,https://de.linkedin.com/jobs/view/duales-studium-b-a-business-administration-fom-hochschule-schwerpunkt-verkauf-at-aldi-nord-3525341212?refId=Udtyt0xRYRiT1Sg0K4AmJw%3D%3D&trackingId=nBsGEi5TbmxCAeKv%2B%2BvNPA%3D%3D&position=17&pageNum=5&trk=public_jobs_jserp-result_search-card
141,ALDI Nord,Duales Studium (B.A.) Business Administration FOM Hochschule / Schwerpunkt Verkauf,,,https://de.linkedin.com/jobs/view/duales-studium-b-a-business-administration-fom-hochschule-schwerpunkt-verkauf-at-aldi-nord-3557210168?refId=Udtyt0xRYRiT1Sg0K4AmJw%3D%3D&trackingId=rBVwhUPLgZoRCExtl9bMrQ%3D%3D&position=19&pageNum=5&trk=public_jobs_jserp-result_search-card
142,SKS Group Holding GmbH,Business Analyst - Automation / IT Support / Kundenservice (m/w/d),,,https://de.linkedin.com/jobs/view/business-analyst-bav-all-genders-at-adesso-se-3546437195?refId=Udtyt0xRYRiT1Sg0K4AmJw%3D%3D&trackingId=TnFTeVX%2B4fgNo7aovsxqng%3D%3D&position=20&pageNum=5&trk=public_jobs_jserp-result_search-card
143,ALDI Nord,Duales Studium (B.A.) Business Administration FOM Hochschule / Schwerpunkt Verkauf,,,https://de.linkedin.com/jobs/view/senior-marketing-analyst-bangkok-based-relocation-provided-at-agoda-3557542120?refId=Udtyt0xRYRiT1Sg0K4AmJw%3D%3D&trackingId=3VOe7EIsrd9SZVuLKIz2Jg%3D%3D&position=21&pageNum=5&trk=public_jobs_jserp-result_search-card
144,adesso SE,Business Analyst - bAV (all genders),,,https://de.linkedin.com/jobs/view/business-analyst-bav-all-genders-at-adesso-se-3546443325?refId=Udtyt0xRYRiT1Sg0K4AmJw%3D%3D&trackingId=j%2Bu%2Bb2qAzsBv3e9E6hmbmw%3D%3D&position=22&pageNum=5&trk=public_jobs_jserp-result_search-card
145,Agoda,"Senior Marketing Analyst (Bangkok Based, Relocation Provided)",,,https://de.linkedin.com/jobs/view/senior-analytics-specialist-bangkok-based-relocation-provided-at-agoda-3557539299?refId=Udtyt0xRYRiT1Sg0K4AmJw%3D%3D&trackingId=H7x%2B8IITLohrr4NntmozPw%3D%3D&position=23&pageNum=5&trk=public_jobs_jserp-result_search-card
146,adesso SE,Business Analyst - bAV (all genders),,,https://de.linkedin.com/jobs/view/duales-studium-b-a-business-administration-fom-hochschule-schwerpunkt-verkauf-at-aldi-nord-3525340541?refId=Udtyt0xRYRiT1Sg0K4AmJw%3D%3D&trackingId=DUDIgm5yqlt3PczncF0ZHQ%3D%3D&position=24&pageNum=5&trk=public_jobs_jserp-result_search-card
147,Agoda,"Senior Analytics Specialist (Bangkok Based, Relocation Provided)",,,https://de.linkedin.com/jobs/view/duales-studium-b-a-business-administration-fom-hochschule-schwerpunkt-verkauf-at-aldi-nord-3525336995?refId=Udtyt0xRYRiT1Sg0K4AmJw%3D%3D&trackingId=HaeDwSl9MHxeXZzcBCBedQ%3D%3D&position=25&pageNum=5&trk=public_jobs_jserp-result_search-card
148,ALDI Nord,Duales Studium (B.A.) Business Administration FOM Hochschule / Schwerpunkt Verkauf,,,https://de.linkedin.com/jobs/view/duales-studium-immobilienwirtschaft-b-a-am-campus-oder-online-at-iu-internationale-hochschule-3407451923?refId=O0%2FzoWwhbeAUP5okd8vHxw%3D%3D&trackingId=1Jm0KFDhwGu8WLAPHCHthQ%3D%3D&position=1&pageNum=6&trk=public_jobs_jserp-result_search-card
149,ALDI Nord,Duales Studium (B.A.) Business Administration FOM Hochschule / Schwerpunkt Verkauf,,,https://de.linkedin.com/jobs/view/duales-studium-b-a-business-administration-fom-hochschule-schwerpunkt-verkauf-at-aldi-nord-3525341203?refId=O0%2FzoWwhbeAUP5okd8vHxw%3D%3D&trackingId=o00WtTgCWIRX4EXlGuIvVQ%3D%3D&position=2&pageNum=6&trk=public_jobs_jserp-result_search-card
150,IU International University of Applied Sciences,Duales Studium Immobilienwirtschaft (B.A.) am Campus oder online,,,https://de.linkedin.com/jobs/view/business-analyst-bav-all-genders-at-adesso-se-3546437094?refId=O0%2FzoWwhbeAUP5okd8vHxw%3D%3D&trackingId=8nLZJ%2FwYVThUL%2FNpl%2BmcqQ%3D%3D&position=3&pageNum=6&trk=public_jobs_jserp-result_search-card
151,ALDI Nord,Duales Studium (B.A.) Business Administration FOM Hochschule / Schwerpunkt Verkauf,,,https://de.linkedin.com/jobs/view/duales-studium-b-a-business-administration-fom-hochschule-schwerpunkt-verkauf-at-aldi-nord-3525338609?refId=O0%2FzoWwhbeAUP5okd8vHxw%3D%3D&trackingId=iM1RdXRq6eC19v%2BBxwaXbg%3D%3D&position=4&pageNum=6&trk=public_jobs_jserp-result_search-card
152,adesso SE,Business Analyst - bAV (all genders),,,https://de.linkedin.com/jobs/view/hcm-business-advisory-analyst-m-w-d-at-jobs-via-efinancialcareers-3529255293?refId=O0%2FzoWwhbeAUP5okd8vHxw%3D%3D&trackingId=nFJPhRmI%2F6VNtonxVht9FA%3D%3D&position=5&pageNum=6&trk=public_jobs_jserp-result_search-card
153,ALDI Nord,Duales Studium (B.A.) Business Administration FOM Hochschule / Schwerpunkt Verkauf,,,https://de.linkedin.com/jobs/view/duales-studium-b-a-business-administration-fom-hochschule-schwerpunkt-verkauf-at-aldi-nord-3520618453?refId=O0%2FzoWwhbeAUP5okd8vHxw%3D%3D&trackingId=E8YgiLrHXQao41CBSV%2FdfA%3D%3D&position=6&pageNum=6&trk=public_jobs_jserp-result_search-card
154,Jobs via eFinancialCareers,HCM Business Advisory Analyst (m/w/d),,,https://de.linkedin.com/jobs/view/duales-studium-b-a-tourismusmanagement-m-w-d-a-o-berlin-hbf-at-a-o-hostels-3502121856?refId=O0%2FzoWwhbeAUP5okd8vHxw%3D%3D&trackingId=DHmWAEA%2BYO7QVxKem3EreA%3D%3D&position=7&pageNum=6&trk=public_jobs_jserp-result_search-card
155,ALDI Nord,Duales Studium (B.A.) Business Administration FOM Hochschule / Schwerpunkt Verkauf,,,https://de.linkedin.com/jobs/view/duales-studium-b-a-business-administration-fom-hochschule-schwerpunkt-verkauf-at-aldi-nord-3539132052?refId=O0%2FzoWwhbeAUP5okd8vHxw%3D%3D&trackingId=Xxqc0pvGPAf7GCJ04XBvag%3D%3D&position=8&pageNum=6&trk=public_jobs_jserp-result_search-card
156,a&o Hostels,Duales Studium - B.A. Tourismusmanagement (m/w/d) - a&o Berlin Hbf,,,https://de.linkedin.com/jobs/view/senior-business-analyst-bangkok-based-relocation-provided-at-agoda-3557538413?refId=O0%2FzoWwhbeAUP5okd8vHxw%3D%3D&trackingId=5sKhuwIncpL8%2BMC%2FQ1HWVQ%3D%3D&position=9&pageNum=6&trk=public_jobs_jserp-result_search-card
157,ALDI Nord,Duales Studium (B.A.) Business Administration FOM Hochschule / Schwerpunkt Verkauf,,,https://de.linkedin.com/jobs/view/diplom-sportwissenschaftler-ba-ma-diplom-sportlehrer-ba-ma-diplom-in-der-fachrichtung-pr%C3%A4vention-rehabilitation-und-nachsorge-alle-geschlechter-in-vollzeit-teilzeit-at-gesundheitszentrum-prenzlauer-berg-gmbh-3555273956?refId=O0%2FzoWwhbeAUP5okd8vHxw%3D%3D&trackingId=FOSvkoiZ2xmp%2BpDzXWFhFA%3D%3D&position=10&pageNum=6&trk=public_jobs_jserp-result_search-card
158,Agoda,"Senior Business Analyst (Bangkok Based, Relocation Provided)",,,https://de.linkedin.com/jobs/view/erziehungswissenschaftler-mono-b-a-m-w-d-j2000151-at-promedis24-3530248886?refId=O0%2FzoWwhbeAUP5okd8vHxw%3D%3D&trackingId=3T3pgGjlw17xqsWHvsDI1w%3D%3D&position=11&pageNum=6&trk=public_jobs_jserp-result_search-card
159,Gesundheitszentrum Prenzlauer Berg GmbH,"DIPLOM-SPORTWISSENSCHAFTLER (BA, MA, Diplom) / SPORTLEHRER (BA, MA, Diplom) in der Fachrichtung Prävention, Rehabilitation und Nachsorge (alle Geschlechter) in Vollzeit/Teilzeit",,,https://de.linkedin.com/jobs/view/duales-studium-b-a-business-administration-fom-hochschule-schwerpunkt-verkauf-at-aldi-nord-3520617551?refId=O0%2FzoWwhbeAUP5okd8vHxw%3D%3D&trackingId=fbPMxTsTIqLGWLiRs2jlSA%3D%3D&position=12&pageNum=6&trk=public_jobs_jserp-result_search-card
160,Promedis24,Erziehungswissenschaftler Mono B.A. (m/w/d) - J2000151,,,https://de.linkedin.com/jobs/view/duales-studium-b-a-business-administration-fom-hochschule-schwerpunkt-verkauf-at-aldi-nord-3520619376?refId=O0%2FzoWwhbeAUP5okd8vHxw%3D%3D&trackingId=P%2BgqrAWI7tmlbiDQFergUQ%3D%3D&position=13&pageNum=6&trk=public_jobs_jserp-result_search-card
161,ALDI Nord,Duales Studium (B.A.) Business Administration FOM Hochschule / Schwerpunkt Verkauf,,,https://de.linkedin.com/jobs/view/duales-studium-b-a-business-administration-fom-hochschule-schwerpunkt-verkauf-at-aldi-nord-3542207183?refId=O0%2FzoWwhbeAUP5okd8vHxw%3D%3D&trackingId=4iBLKPXjqDgTXNz48rcRng%3D%3D&position=14&pageNum=6&trk=public_jobs_jserp-result_search-card
162,ALDI Nord,Duales Studium (B.A.) Business Administration FOM Hochschule / Schwerpunkt Verkauf,,,https://de.linkedin.com/jobs/view/duales-studium-mediendesign-b-a-am-campus-oder-online-at-iu-internationale-hochschule-3407457114?refId=O0%2FzoWwhbeAUP5okd8vHxw%3D%3D&trackingId=HyHrwv9xdy%2F4z9v7%2FtpEOw%3D%3D&position=15&pageNum=6&trk=public_jobs_jserp-result_search-card
163,ALDI Nord,Duales Studium (B.A.) Business Administration FOM Hochschule / Schwerpunkt Verkauf,,,https://de.linkedin.com/jobs/view/duales-studium-b-a-business-administration-fom-hochschule-schwerpunkt-verkauf-at-aldi-nord-3525340544?refId=O0%2FzoWwhbeAUP5okd8vHxw%3D%3D&trackingId=LDwVu%2BoM86FY9oJQXxmkVA%3D%3D&position=16&pageNum=6&trk=public_jobs_jserp-result_search-card
164,IU International University of Applied Sciences,Duales Studium Mediendesign (B.A.) am Campus oder online,,,https://de.linkedin.com/jobs/view/duales-studium-b-a-business-administration-fom-hochschule-schwerpunkt-verkauf-at-aldi-nord-3525340545?refId=O0%2FzoWwhbeAUP5okd8vHxw%3D%3D&trackingId=5fdN5%2FGS8KH4c2%2Fkoh8SsQ%3D%3D&position=17&pageNum=6&trk=public_jobs_jserp-result_search-card
165,ALDI Nord,Duales Studium (B.A.) Business Administration FOM Hochschule / Schwerpunkt Verkauf,,,https://de.linkedin.com/jobs/view/duales-studium-b-a-business-administration-fom-hochschule-schwerpunkt-verkauf-at-aldi-nord-3546170247?refId=O0%2FzoWwhbeAUP5okd8vHxw%3D%3D&trackingId=1AZHv1peulQqbRZEjOSlxQ%3D%3D&position=18&pageNum=6&trk=public_jobs_jserp-result_search-card
166,ALDI Nord,Duales Studium (B.A.) Business Administration FOM Hochschule / Schwerpunkt Verkauf,,,https://de.linkedin.com/jobs/view/duales-studium-b-a-business-administration-fom-hochschule-schwerpunkt-verkauf-at-aldi-nord-3543104323?refId=O0%2FzoWwhbeAUP5okd8vHxw%3D%3D&trackingId=Scruze3NIaEE3%2BdJ2nbndg%3D%3D&position=19&pageNum=6&trk=public_jobs_jserp-result_search-card
167,ALDI Nord,Duales Studium (B.A.) Business Administration FOM Hochschule / Schwerpunkt Verkauf,,,https://de.linkedin.com/jobs/view/duales-studium-bwl-b-a-am-campus-oder-online-at-iu-internationale-hochschule-3407451911?refId=O0%2FzoWwhbeAUP5okd8vHxw%3D%3D&trackingId=WBE0Hu%2FRwwOJQ%2F4Fuw2iCw%3D%3D&position=20&pageNum=6&trk=public_jobs_jserp-result_search-card
168,ALDI Nord,Duales Studium (B.A.) Business Administration FOM Hochschule / Schwerpunkt Verkauf,,,https://de.linkedin.com/jobs/view/duales-studium-b-a-business-administration-fom-hochschule-schwerpunkt-verkauf-at-aldi-nord-3520621155?refId=O0%2FzoWwhbeAUP5okd8vHxw%3D%3D&trackingId=MiZAhnI3ZmBl%2BDzKt3evEQ%3D%3D&position=21&pageNum=6&trk=public_jobs_jserp-result_search-card
169,IU International University of Applied Sciences,Duales Studium BWL (B.A.) am Campus oder online,,,https://de.linkedin.com/jobs/view/duales-studium-b-a-industrielles-mgmt-bwl-u-ausbildung-zum-industriekaufmann-m-w-d-berlin-berlin-de-at-implenia-3484014948?refId=O0%2FzoWwhbeAUP5okd8vHxw%3D%3D&trackingId=BEB9IQzi6k457kBi57twJw%3D%3D&position=22&pageNum=6&trk=public_jobs_jserp-result_search-card
170,ALDI Nord,Duales Studium (B.A.) Business Administration FOM Hochschule / Schwerpunkt Verkauf,,,https://de.linkedin.com/jobs/view/senior-strategy-analyst-bangkok-based-relocation-provided-at-agoda-3557538424?refId=O0%2FzoWwhbeAUP5okd8vHxw%3D%3D&trackingId=Pp0IK6u2h%2FT5nHwhldhZiw%3D%3D&position=23&pageNum=6&trk=public_jobs_jserp-result_search-card
171,Implenia,"Duales Studium B.A. Industrielles Mgmt. (BWL) u. Ausbildung zum Industriekaufmann (m/w/d), Berlin (Berlin, DE)",,,https://de.linkedin.com/jobs/view/duales-studium-b-a-business-administration-fom-hochschule-schwerpunkt-verkauf-at-aldi-nord-3525339520?refId=O0%2FzoWwhbeAUP5okd8vHxw%3D%3D&trackingId=4xhcLwPsDj26OGQDncz%2Feg%3D%3D&position=24&pageNum=6&trk=public_jobs_jserp-result_search-card
172,Agoda,"Senior Strategy Analyst (Bangkok Based, Relocation Provided)",,,https://de.linkedin.com/jobs/view/duales-studium-b-a-business-administration-fom-hochschule-schwerpunkt-verkauf-at-aldi-nord-3520621150?refId=O0%2FzoWwhbeAUP5okd8vHxw%3D%3D&trackingId=DTC5YWxBWiVt6Xw8NL2X%2BQ%3D%3D&position=25&pageNum=6&trk=public_jobs_jserp-result_search-card
173,ALDI Nord,Duales Studium (B.A.) Business Administration FOM Hochschule / Schwerpunkt Verkauf,,,
174,ALDI Nord,Duales Studium (B.A.) Business Administration FOM Hochschule / Schwerpunkt Verkauf,,,
